type,id,subreddit.id,subreddit.name,subreddit.nsfw,created_utc,permalink,body,sentiment,score
comment,i2x23wn,2s5ti,meirl,false,1648770994,https://old.reddit.com/r/meirl/comments/tswh3j/meirl/i2x23wn/,Same XD,,1
comment,i2x1z5b,2s5ti,meirl,false,1648770935,https://old.reddit.com/r/meirl/comments/tswh3j/meirl/i2x1z5b/,2 and 3 are so fun to do,0.6418,1
comment,i2x1vlk,2s5ti,meirl,false,1648770891,https://old.reddit.com/r/meirl/comments/tswh3j/meirl/i2x1vlk/,Is there any other way?,0.0,1
comment,i2x1u3q,2s5ti,meirl,false,1648770872,https://old.reddit.com/r/meirl/comments/tt8bw8/meirl/i2x1u3q/,All.,,1
comment,i2x1tza,2s5ti,meirl,false,1648770870,https://old.reddit.com/r/meirl/comments/tswh3j/meirl/i2x1tza/,This is the way,0.0,1
comment,i2x1sr6,2s5ti,meirl,false,1648770855,https://old.reddit.com/r/meirl/comments/tt5aas/meirl/i2x1sr6/,Well if you don’t have a job you can’t buy drugs,0.2732,7
comment,i2x1sdp,2s5ti,meirl,false,1648770851,https://old.reddit.com/r/meirl/comments/tt5aas/meirl/i2x1sdp/,It’s all so the US can become Tony Stark and create Iron man suits and create a suit of armor around the world. But not create an Ultron in the making,-0.0312,0
comment,i2x1jd7,2s5ti,meirl,false,1648770737,https://old.reddit.com/r/meirl/comments/tswh3j/meirl/i2x1jd7/,Bottom one,0.0,1
comment,i2x1ec9,2s5ti,meirl,false,1648770672,https://old.reddit.com/r/meirl/comments/tt5aas/meirl/i2x1ec9/,Meanwhile latin america crumbles into drug war related violence and corruption with weapons and money provided by the US so some white privileged MAGA bitch can say “ew latin america is such a shithole”. While she snorts her 5th coke line in a chilli’s bathroom.,-0.9107,106
comment,i2x1dbg,2s5ti,meirl,false,1648770660,https://old.reddit.com/r/meirl/comments/tt5aas/meirl/i2x1dbg/,"I didn't say it was up for us to decide. No matter what we think, it doesn't matter when it comes to that persons personal decisions. I'm not trying to impose on that. What I am stating is that, IN GENERAL(excluding mental health days or exceptions) you probably shouldn't leave work early to smoke. That doesn't mean they have to listen. It was a simple statement.",0.2235,1
comment,i2x1cwy,2s5ti,meirl,false,1648770655,https://old.reddit.com/r/meirl/comments/tswh3j/meirl/i2x1cwy/,I do the third but on my elbows student,0.0,10265
comment,i2x1b2l,2s5ti,meirl,false,1648770632,https://old.reddit.com/r/meirl/comments/tsw83z/me_irl/i2x1b2l/,"It's a 50/50 split between it having happened and not, could have gone either way and that's what makes it even better",0.4404,5
comment,i2x0cwv,2s5ti,meirl,false,1648770209,https://old.reddit.com/r/meirl/comments/tswh3j/meirl/i2x0cwv/,[removed],,1